{
  "servers": [
    {
      "name": "SRV-FILE-01",
      "tasks": [
        {
          "taskId": "Резервное копирование файлов",
          "type": "7zip",
          "schedule": "daily:22:00",
          "version": "v2.1"
        }
      ]
    },
    {
      "name": "SRV-SQL-02",
      "tasks": [
        {
          "taskId": "Резервное копирование SQL",
          "type": "rar",
          "schedule": "hourly",
          "version": "v1.5"
        }
      ]
    }
  ]
}
